<?xml version="1.0" encoding="UTF-8"?><?xml-stylesheet type='text/xsl' href='_UpgradeReport_Files/UpgradeReport.xslt'?><UpgradeLog>
<Properties><Property Name="Solution" Value="IPCTester">
</Property><Property Name="솔루션 파일" Value="C:\Users\SangRok\Documents\Project\CK-Trade\IPC\Program\PC Program\IPC 내굴곡시험기 Program Source(2011 12)\Application\IPCTester\IPCTester.sln">
</Property><Property Name="Date" Value="2012년 1월 5일 목요일">
</Property><Property Name="Time" Value="오전 10:35">
</Property><Property Name="로그 번호" Value="2">
</Property></Properties><Event ErrorLevel="0" Project="IPCTester" Source="IPCTester.vcproj" Description="Converting project file 'C:\Users\SangRok\Documents\Project\CK-Trade\IPC\Program\PC Program\IPC 내굴곡시험기 Program Source(2011 12)\Application\IPCTester\IPCTester.vcproj'.">
</Event><Event ErrorLevel="1" Project="IPCTester" Source="IPCTester.vcproj" Description="VCWebServiceProxyGeneratorTool is no longer supported. The tool has been removed from your project settings.">
</Event><Event ErrorLevel="1" Project="IPCTester" Source="IPCTester.vcproj" Description="Attribute 'Detect64BitPortabilityProblems' of 'VCCLCompilerTool' is not supported in this version and has been removed during conversion.">
</Event><Event ErrorLevel="1" Project="IPCTester" Source="IPCTester.vcproj" Description="Attribute 'Detect64BitPortabilityProblems' of 'VCCLCompilerTool' is not supported in this version and has been removed during conversion.">
</Event><Event ErrorLevel="1" Project="IPCTester" Source="IPCTester.vcproj" Description="Attribute 'Detect64BitPortabilityProblems' of 'VCCLCompilerTool' is not supported in this version and has been removed during conversion.">
</Event><Event ErrorLevel="1" Project="IPCTester" Source="IPCTester.vcproj" Description="Attribute 'Detect64BitPortabilityProblems' of 'VCCLCompilerTool' is not supported in this version and has been removed during conversion.">
</Event><Event ErrorLevel="0" Project="IPCTester" Source="IPCTester.vcproj" Description="Done converting to new project file 'C:\Users\SangRok\Documents\Project\CK-Trade\IPC\Program\PC Program\IPC 내굴곡시험기 Program Source(2011 12)\Application\IPCTester\IPCTester.vcxproj'.">
</Event><Event ErrorLevel="3" Project="IPCTester" Source="IPCTester.vcproj" Description="Converted">
</Event><Event ErrorLevel="0" Project="" Source="IPCTester.sln" Description="솔루션을 변환했습니다.">
</Event><Event ErrorLevel="3" Project="" Source="IPCTester.sln" Description="Converted">
</Event></UpgradeLog>